<?xml version="1.0" encoding="UTF-8"?>
<beans xmlns="http://www.springframework.org/schema/beans"
	xmlns:xsi="http://www.w3.org/2001/XMLSchema-instance" xmlns:p="http://www.springframework.org/schema/p"
	xmlns:aop="http://www.springframework.org/schema/aop" xmlns:tx="http://www.springframework.org/schema/tx"
	xmlns:context="http://www.springframework.org/schema/context"
	xsi:schemaLocation="http://www.springframework.org/schema/beans 
     http://www.springframework.org/schema/beans/spring-beans-3.0.xsd
     http://www.springframework.org/schema/tx
     http://www.springframework.org/schema/tx/spring-tx.xsd
     http://www.springframework.org/schema/aop 
     http://www.springframework.org/schema/aop/spring-aop-3.0.xsd
     http://www.springframework.org/schema/context
     http://www.springframework.org/schema/context/spring-context-3.0.xsd">

	<context:component-scan base-package="cn.bdqn.service"></context:component-scan>
	
	<tx:annotation-driven transaction-manager="transactionManager" />
	
	<!-- 读取jdbc配置文件 -->
	<context:property-placeholder location="classpath:jdbc.properties" />


	<!-- JNDI获取数据源 -->
	<bean id="dataSource" class="org.apache.commons.dbcp.BasicDataSource"
		destroy-method="close" scope="singleton">
		<property name="driverClassName" value="${driverClassName}" />
		<property name="url" value="${url}" />
		<property name="username" value="${uname}" />
		<property name="password" value="${password}" />
	</bean>

	<!-- 配置mybitas SqlSessionFactoryBean -->
	<bean id="sqlSessionFactory" class="org.mybatis.spring.SqlSessionFactoryBean">
		<property name="dataSource" ref="dataSource" />
		<property name="configLocation" value="classpath:mybatis-config.xml" />
	</bean>


	<!-- Mapper接口所在包名，Spring会自动查找其下的Mapper -->
	<bean class="org.mybatis.spring.mapper.MapperScannerConfigurer">
		<property name="basePackage" value="cn.bdqn.mapper" />
	</bean>

	<!-- 事务管理 -->


	<bean id="transactionManager"
		class="org.springframework.jdbc.datasource.DataSourceTransactionManager">
		<property name="dataSource" ref="dataSource" />
	</bean>

	<tx:advice transaction-manager="transactionManager" id="tx_advice">
		<tx:attributes>
			<tx:method name="query*" propagation="NEVER" read-only="true" />
			<tx:method name="set*" propagation="NEVER" />
			<tx:method name="get*" propagation="NEVER" />
			<tx:method name="*" propagation="REQUIRED" isolation="DEFAULT" />
		</tx:attributes>

	</tx:advice>

	<aop:config>
		<aop:pointcut expression="execution(* cn.bdqn.service..*.*(..))"
			id="pointcut1" />
		<aop:advisor advice-ref="tx_advice" pointcut-ref="pointcut1" />
	</aop:config>


</beans>